LDU,Encrypted_LDU,tally,winner,N_repeat
9X1,1437,1,1,5
9X1,106,1,1,5
9X1,946,1,1,5
9X1,944,1,1,5
9X1,1302,1,1,5
2O4,1098,1,1,3
2O4,2194,1,1,3
2O4,114,1,1,3
128,2026,1,1,2
128,1884,1,1,2
1F0,804,1,1,2
1F0,1124,1,1,2
1O1,2560,1,1,2
1O1,1204,1,1,2
1RS,575,1,1,2
1RS,849,1,1,2
2CA,190,1,1,2
2CA,114,1,1,2
2D8,2394,1,1,2
2D8,2134,1,1,2
2I6,595,1,1,2
2I6,1948,1,1,2
2O2,623,1,1,2
2O2,347,1,1,2
2PS,2229,1,1,2
2PS,2483,1,1,2
2SS,2555,1,1,2
2SS,301,1,1,2
3D8,1986,1,1,2
3D8,1244,1,1,2
3F8,1105,1,1,2
3F8,975,1,1,2
3KY,2579,1,1,2
3KY,113,1,1,2
3O1,274,1,1,2
3O1,1754,1,1,2
3O2,1898,1,1,2
3O2,342,1,1,2
3O6,1152,1,1,2
3O6,113,1,1,2
5I4,1943,1,1,2
5I4,2268,1,1,2
5M0,12,1,1,2
5M0,1484,1,1,2
7CS,298,1,1,2
7CS,1020,1,1,2
7K0,2532,1,1,2
7K0,23,1,1,2
7Y0,1068,1,1,2
7Y0,1073,1,1,2
7Z0,2561,1,1,2
7Z0,1916,1,1,2
8L0,722,1,1,2
8L0,1333,1,1,2
9Q5,2532,1,1,2
9Q5,2527,1,1,2
9X9,1574,1,1,2
9X9,138,1,1,2
 1A,1734,1,1,1
 4H,1674,1,1,1
-1B,1269,1,1,1
-4V,294,1,1,1
-5C,1195,1,1,1
055,1876,1,1,1
05A,1710,1,1,1
07K,1079,1,1,1
095,1960,1,1,1
0A0,2421,170,170,1
0A1,431,572,572,1
0A2,2257,576,576,1
0A3,2190,538,538,1
0A4,2457,521,521,1
0A5,630,489,489,1
0A6,1668,415,415,1
0A7,2423,394,394,1
0A8,1122,357,357,1
0A9,2244,334,334,1
0AS,630,1,1,1
0AZ,2257,1,1,1
0B0,1180,161,161,1
0B1,19,338,338,1
0B2,1610,379,379,1
0B3,920,275,275,1
0B4,2332,338,338,1
0B5,1845,268,268,1
0B6,112,259,259,1
0B7,2523,223,223,1
0B8,1630,268,268,1
0B9,2510,287,287,1
0C0,2291,254,254,1
0C1,896,232,232,1
0C2,2546,258,258,1
0C3,1387,272,272,1
0C4,2413,222,222,1
0C5,291,247,247,1
0C6,660,213,213,1
0C7,275,215,215,1
0C8,2041,212,212,1
0C9,1836,179,179,1
0CP,1144,1,1,1
0E0,470,177,177,1
0E1,1117,200,200,1
0E2,925,172,172,1
0E3,1393,172,172,1
0E4,1406,168,168,1
0E5,1103,179,179,1
0E6,1161,178,178,1
0E7,1245,201,201,1
0E8,2313,152,152,1
0E9,442,136,136,1
0F5,1530,1,1,1
0G0,1330,163,163,1
0G1,256,151,151,1
0G2,1580,126,126,1
0G3,1569,138,138,1
0G4,618,127,127,1
0G5,1960,144,144,1
0G6,85,141,141,1
0G7,1054,126,126,1
0G8,1719,151,151,1
0G9,649,131,131,1
0GS,1960,1,1,1
0H0,756,234,234,1
0H1,839,142,142,1
0H2,1414,128,128,1
0H3,1083,108,108,1
0H4,683,129,129,1
0H5,2545,120,120,1
0H6,964,103,103,1
0H7,1361,100,100,1
0H8,1979,122,122,1
0H9,689,130,130,1
0I2,2100,1,1,1
0I6,1161,1,1,1
0J0,2509,305,305,1
0J1,1956,109,109,1
0J2,696,122,122,1
0J3,1043,117,117,1
0J4,1993,88,88,1
0J5,1802,104,104,1
0J6,1087,99,99,1
0J7,2491,109,109,1
0J8,1220,99,99,1
0J9,1315,113,113,1
0K0,772,199,199,1
0K1,125,91,91,1
0K2,1881,96,96,1
0K3,626,87,87,1
0K4,1801,92,92,1
0K5,1608,86,86,1
0K6,2184,80,80,1
0K7,1079,77,77,1
0K8,2331,97,97,1
0K9,1724,64,64,1
0L0,182,155,155,1
0L1,25,80,80,1
0L2,1089,123,123,1
0L3,766,83,83,1
0L4,1325,59,59,1
0L5,1277,92,92,1
0L6,2336,77,77,1
0L7,1427,69,69,1
0L8,2506,91,91,1
0L9,2047,98,98,1
0LO,182,2,2,1
0M0,694,203,203,1
0M1,191,81,81,1
0M2,2000,65,65,1
0M3,2356,105,105,1
0M4,1214,76,76,1
0M5,709,87,87,1
0M6,151,80,80,1
0M7,2559,85,85,1
0M8,308,76,76,1
0M9,2452,58,58,1
0N0,523,155,155,1
0N1,1800,81,81,1
0N2,1936,70,70,1
0N3,82,58,58,1
0N4,634,65,65,1
0N5,805,78,78,1
0N6,2481,83,83,1
0N7,1380,64,64,1
0N8,1328,60,60,1
0N9,2512,78,78,1
0NW,683,1,1,1
0O0,1321,1,1,1
0O3,1569,1,1,1
0O7,1054,1,1,1
0O8,787,1,1,1
0P0,1321,124,124,1
0P1,2428,59,59,1
0P2,2240,72,72,1
0P3,980,54,54,1
0P4,1284,71,71,1
0P5,1008,62,62,1
0P6,2290,63,63,1
0P7,211,67,67,1
0P8,787,84,84,1
0P9,348,72,72,1
0R0,1715,116,116,1
0R1,492,71,71,1
0R2,555,61,61,1
0R3,264,61,61,1
0R4,826,58,58,1
0R5,2080,66,66,1
0R6,1838,82,82,1
0R7,252,74,74,1
0R8,567,90,90,1
0R9,2385,58,58,1
0S0,1684,162,162,1
0S1,1236,75,75,1
0S2,1716,56,56,1
0S3,2570,63,63,1
0S4,2095,48,48,1
0S5,1876,63,63,1
0S6,1348,59,59,1
0S7,2459,60,60,1
0S8,1710,47,47,1
0S9,469,52,52,1
0T0,2252,194,194,1
0T1,620,44,44,1
0T2,778,58,58,1
0T3,1534,56,56,1
0T4,2048,43,43,1
0T5,1530,56,56,1
0T6,1932,69,69,1
0T7,918,52,52,1
0T8,2505,53,53,1
0T9,2226,48,48,1
0U5,2593,1,1,1
0U7,469,1,1,1
0V0,1401,191,191,1
0V1,2054,44,44,1
0V2,2439,45,45,1
0V3,2379,58,58,1
0V4,562,60,60,1
0V5,2593,47,47,1
0V6,1502,51,51,1
0V7,1442,24,24,1
0V8,2201,41,41,1
0V9,1168,41,41,1
0W0,2520,182,182,1
0W1,22,63,63,1
0W2,1370,55,55,1
0W3,1227,47,47,1
0W4,1143,65,65,1
0W5,2539,80,80,1
0W6,764,82,82,1
0W7,316,65,65,1
0W8,17,31,31,1
0W9,1438,42,42,1
0X0,604,165,165,1
0X1,849,59,59,1
0X2,86,65,65,1
0X3,2293,38,38,1
0X4,1308,43,43,1
0X5,1413,46,46,1
0X6,1594,72,72,1
0X7,2357,46,46,1
0X8,1736,45,45,1
0X9,650,52,52,1
0Y0,1926,268,268,1
0Y1,2013,46,46,1
0Y2,432,75,75,1
0Y3,1567,58,58,1
0Y4,1764,41,41,1
0Y5,892,36,36,1
0Y6,1316,62,62,1
0Y7,666,56,56,1
0Y8,629,46,46,1
0Y9,862,65,65,1
0Z0,443,120,120,1
0Z1,857,87,87,1
0Z2,396,59,59,1
0Z3,1913,62,62,1
0Z4,45,67,67,1
0Z5,989,49,49,1
0Z6,1786,60,60,1
0Z7,1541,44,44,1
0Z8,1955,82,82,1
0Z9,534,51,51,1
109,157,1,1,1
151,1931,1,1,1
156,702,1,1,1
15R,575,1,1,1
164,2529,1,1,1
16T,721,1,1,1
181,858,1,1,1
194,2398,1,1,1
195,1809,1,1,1
1A0,129,2942,2942,1
1A1,1659,688,688,1
1A2,1063,704,704,1
1A3,276,687,687,1
1A4,1734,672,672,1
1A5,1209,633,633,1
1A6,1113,727,727,1
1A7,2445,668,668,1
1A8,577,741,741,1
1A9,1925,684,684,1
1AS,1209,1,1,1
1B0,1783,2416,2416,1
1B1,858,782,782,1
1B2,2580,894,894,1
1B3,410,698,698,1
1B4,1252,777,777,1
1B5,2373,690,690,1
1B6,1946,721,721,1
1B7,911,729,729,1
1B8,833,785,785,1
1B9,1470,582,582,1
1BO,1783,1,1,1
1C0,1558,2417,2417,1
1C1,2340,599,599,1
1C2,1603,609,609,1
1C3,733,559,559,1
1C4,46,734,734,1
1C5,2083,618,618,1
1C6,1897,599,599,1
1C7,2337,687,687,1
1C8,2456,599,599,1
1C9,1851,646,646,1
1CO,1558,1,1,1
1D0,712,1,1,1
1D2,1063,1,1,1
1D6,2083,1,1,1
1D7,558,1,1,1
1E0,1124,2637,2637,1
1E1,217,673,673,1
1E2,147,631,631,1
1E3,390,625,625,1
1E4,1973,608,608,1
1E5,1578,683,683,1
1E6,1860,691,691,1
1E7,1549,654,654,1
1E8,1080,740,740,1
1E9,434,563,563,1
1EA,1973,2,2,1
1EO,1124,1,1,1
1EZ,147,1,1,1
1F4,2398,1,1,1
1F9,434,1,1,1
1G0,977,2093,2093,1
1G1,2560,671,671,1
1G2,2011,784,784,1
1G3,593,699,699,1
1G4,2529,693,693,1
1G5,963,696,696,1
1G6,2547,719,719,1
1G7,2403,695,695,1
1G8,1701,682,682,1
1G9,2002,612,612,1
1H0,2119,2859,2859,1
1H1,1421,664,664,1
1H2,2390,613,613,1
1H3,1886,618,618,1
1H4,1390,534,534,1
1H5,2216,691,691,1
1H6,945,653,653,1
1H7,2245,615,615,1
1H8,1722,629,629,1
1H9,364,676,676,1
1HA,2407,1,1,1
1J0,2516,1968,1968,1
1J1,1318,624,624,1
1J2,1199,590,590,1
1J3,1871,655,655,1
1J4,703,676,676,1
1J5,184,689,689,1
1J6,1970,776,776,1
1J7,1183,613,613,1
1J8,2037,551,551,1
1J9,500,706,706,1
1JB,2037,1,1,1
1JK,500,1,1,1
1JO,2516,1,1,1
1K0,2532,2200,2200,1
1K1,870,736,736,1
1K2,2585,717,717,1
1K3,437,609,609,1
1K4,1301,595,595,1
1K5,2490,594,594,1
1K6,919,618,618,1
1K7,797,602,602,1
1K8,1275,679,679,1
1K9,875,619,619,1
1KJ,2490,1,1,1
1KO,2532,3,3,1
1KS,2490,1,1,1
1KZ,2585,1,1,1
1L0,2055,2190,2190,1
1L1,1204,680,680,1
1L2,2582,625,625,1
1L3,1118,664,664,1
1L4,941,706,706,1
1L5,320,650,650,1
1L6,1075,644,644,1
1L7,680,619,619,1
1L8,544,637,637,1
1L9,540,627,627,1
1LB,544,1,1,1
1LO,2055,2,2,1
1LS,320,1,1,1
1LZ,2582,1,1,1
1M0,643,2250,2250,1
1M1,128,556,556,1
1M2,1346,570,570,1
1M3,2107,543,543,1
1M4,2536,463,463,1
1M5,819,614,614,1
1M6,1587,541,541,1
1M7,328,584,584,1
1M8,1176,564,564,1
1M9,2049,561,561,1
1MO,643,1,1,1
1MS,819,1,1,1
1N0,959,2472,2472,1
1N1,570,618,618,1
1N2,2133,564,564,1
1N3,2079,673,673,1
1N4,1814,558,558,1
1N5,1538,560,560,1
1N6,1923,565,565,1
1N7,1977,629,629,1
1N8,107,610,610,1
1N9,642,482,482,1
1NC,2133,1,1,1
1NO,959,7,7,1
1NS,1538,2,2,1
1O4,941,1,1,1
1O5,320,1,1,1
1O6,2162,2,2,1
1O7,1141,1,1,1
1O8,431,1,1,1
1P0,712,2363,2363,1
1P1,2501,686,686,1
1P2,1837,610,610,1
1P3,1121,606,606,1
1P4,2398,624,624,1
1P5,1809,615,615,1
1P6,1233,574,574,1
1P7,1084,538,538,1
1P8,102,579,579,1
1P9,157,526,526,1
1PO,712,3,3,1
1Q7,2403,1,1,1
1R0,2527,2159,2159,1
1R1,2323,674,674,1
1R2,2174,785,785,1
1R3,11,741,741,1
1R4,1987,601,601,1
1R5,575,689,689,1
1R6,904,609,609,1
1R7,2503,639,639,1
1R8,750,705,705,1
1R9,1045,563,563,1
1RG,904,1,1,1
1RT,2323,1,1,1
1S0,804,2141,2141,1
1S1,1931,691,691,1
1S2,658,676,676,1
1S3,2489,578,578,1
1S4,2235,655,655,1
1S5,1750,627,627,1
1S6,702,619,619,1
1S7,8,542,542,1
1S8,1884,587,587,1
1S9,1487,560,560,1
1SO,804,1,1,1
1T0,456,2173,2173,1
1T1,916,679,679,1
1T2,2118,520,520,1
1T3,739,559,559,1
1T4,799,614,614,1
1T5,1047,574,574,1
1T6,721,524,524,1
1T7,558,611,611,1
1T8,2206,588,588,1
1T9,1165,579,579,1
1TI,2037,1,1,1
1TS,1047,4,4,1
1V0,1952,1598,1598,1
1V1,251,580,580,1
1V2,285,595,595,1
1V3,1819,664,664,1
1V4,1010,562,562,1
1V5,675,593,593,1
1V6,1094,633,633,1
1V7,1141,549,549,1
1V8,2096,522,522,1
1V9,751,529,529,1
1VA,1141,1,1,1
1VP,751,1,1,1
1VS,675,1,1,1
1W0,2084,2057,2057,1
1W1,1625,521,521,1
1W2,1085,553,553,1
1W3,939,574,574,1
1W4,1757,566,566,1
1W5,1895,594,594,1
1W6,1912,587,587,1
1W7,938,566,566,1
1W8,200,574,574,1
1W9,238,575,575,1
1WO,2084,2,2,1
1X0,1396,1597,1597,1
1X1,955,656,656,1
1X2,2288,637,637,1
1X3,1372,633,633,1
1X4,2209,613,613,1
1X5,2056,514,514,1
1X6,341,583,583,1
1X7,1805,633,633,1
1X8,2376,544,544,1
1X9,563,525,525,1
1XO,1396,1,1,1
1Y0,1068,1048,1048,1
1Y1,1848,604,604,1
1Y2,14,568,568,1
1Y3,20,562,562,1
1Y4,2329,565,565,1
1Y5,915,596,596,1
1Y6,552,583,583,1
1Y7,550,579,579,1
1Y8,1739,572,572,1
1Y9,557,588,588,1
1Z0,969,1844,1844,1
1Z1,1840,552,552,1
1Z2,1362,622,622,1
1Z3,111,607,607,1
1Z4,1071,577,577,1
1Z5,338,554,554,1
1Z6,2576,547,547,1
1Z7,417,549,549,1
1Z8,2026,528,528,1
1Z9,1900,475,475,1
202,1749,1,1,1
212,623,1,1,1
24H,1914,1,1,1
24Y,76,1,1,1
253,1729,2,2,1
259,811,1,1,1
260,2110,1,1,1
273,1292,1,1,1
275,2429,1,1,1
28A,842,1,1,1
291,515,1,1,1
2A0,831,1318,1318,1
2A1,2059,539,539,1
2A2,1319,519,519,1
2A3,1174,534,534,1
2A4,1705,546,546,1
2A5,655,535,535,1
2A6,2517,539,539,1
2A7,1034,448,448,1
2A8,842,498,498,1
2A9,1516,466,466,1
2AS,655,2,2,1
2B0,2259,1017,1017,1
2B1,930,550,550,1
2B2,347,535,535,1
2B3,1748,501,501,1
2B4,2025,492,492,1
2B5,2234,540,540,1
2B6,374,524,524,1
2B7,1929,482,482,1
2B8,2394,446,446,1
2B9,37,458,458,1
2C0,572,1357,1357,1
2C1,1134,608,608,1
2C2,2010,557,557,1
2C3,1356,484,484,1
2C4,114,514,514,1
2C5,1050,469,469,1
2C6,1293,520,520,1
2C7,863,548,548,1
2C8,190,518,518,1
2C9,1485,504,504,1
2CC,2010,1,1,1
2CO,572,1,1,1
2E0,156,829,829,1
2E1,1869,554,554,1
2E2,1263,514,514,1
2E3,808,585,585,1
2E4,1648,548,548,1
2E5,59,513,513,1
2E6,2179,517,517,1
2E7,2043,532,532,1
2E8,1945,515,515,1
2E9,2309,521,521,1
2EH,1648,2,2,1
2F1,1091,2,2,1
2F3,1729,1,1,1
2F4,1100,1,1,1
2F5,2349,1,1,1
2F6,2179,1,1,1
2F8,1945,1,1,1
2F9,811,2,2,1
2G0,2110,769,769,1
2G1,790,519,519,1
2G2,54,545,545,1
2G3,2279,507,507,1
2G4,1162,578,578,1
2G5,1676,542,542,1
2G6,2303,536,536,1
2G7,894,575,575,1
2G8,1901,552,552,1
2G9,460,552,552,1
2GA,1162,1,1,1
2H0,2377,1021,1021,1
2H1,1823,549,549,1
2H2,578,533,533,1
2H3,207,498,498,1
2H4,1914,611,611,1
2H5,209,508,508,1
2H6,1477,600,600,1
2H7,2071,559,559,1
2H8,1762,665,665,1
2H9,987,578,578,1
2HC,209,1,1,1
2HO,2377,1,1,1
2HY,1914,1,1,1
2I2,267,1,1,1
2I3,48,1,1,1
2I4,595,1,1,1
2J0,1607,1010,1010,1
2J1,706,571,571,1
2J2,2146,564,564,1
2J3,1737,573,573,1
2J4,2164,526,526,1
2J5,2222,428,428,1
2J6,1690,451,451,1
2J7,887,517,517,1
2J8,2065,538,538,1
2J9,1217,503,503,1
2JO,1607,2,2,1
2K0,232,1123,1123,1
2K1,1300,543,543,1
2K2,2072,509,509,1
2K3,2384,467,467,1
2K4,1922,493,493,1
2K5,2407,543,543,1
2K6,1670,580,580,1
2K7,708,589,589,1
2K8,691,533,533,1
2K9,1479,520,520,1
2L0,1171,1122,1122,1
2L1,2485,622,622,1
2L2,623,560,560,1
2L3,48,614,614,1
2L4,2194,589,589,1
2L5,1649,568,568,1
2L6,595,546,546,1
2L7,1781,481,481,1
2L8,363,512,512,1
2L9,2315,527,527,1
2LO,1171,2,2,1
2M0,88,999,999,1
2M1,1077,488,488,1
2M2,1218,526,526,1
2M3,774,529,529,1
2M4,686,570,570,1
2M5,923,502,502,1
2M6,727,527,527,1
2M7,2562,500,500,1
2M8,1982,534,534,1
2M9,2469,504,504,1
2ML,1218,1,1,1
2MO,88,2,2,1
2N0,789,874,874,1
2N1,1067,533,533,1
2N2,1989,557,557,1
2N3,598,555,555,1
2N4,1818,490,490,1
2N5,103,556,556,1
2N6,1403,462,462,1
2N7,740,535,535,1
2N8,852,507,507,1
2N9,625,547,547,1
2NB,852,2,2,1
2NO,789,1,1,1
2O1,930,1,1,1
2O3,2546,1,1,1
2O5,1649,1,1,1
2O6,1293,1,1,1
2O8,190,2,2,1
2O9,1658,1,1,1
2P0,2548,1016,1016,1
2P1,515,474,474,1
2P2,1749,588,588,1
2P3,1767,562,562,1
2P4,1927,527,527,1
2P5,2483,492,492,1
2P6,1571,619,619,1
2P7,2188,488,488,1
2P8,952,523,523,1
2P9,1658,460,460,1
2Q7,894,1,1,1
2R0,2499,651,651,1
2R1,1418,557,557,1
2R2,2060,504,504,1
2R3,1398,523,523,1
2R4,2415,581,581,1
2R5,2349,528,528,1
2R6,1562,495,495,1
2R7,1164,558,558,1
2R8,139,546,546,1
2R9,1154,551,551,1
2RO,2499,1,1,1
2S0,454,499,499,1
2S1,1091,528,528,1
2S2,2159,500,500,1
2S3,1729,541,541,1
2S4,1100,421,421,1
2S5,301,428,428,1
2S6,2555,555,555,1
2S7,1598,481,481,1
2S8,847,517,517,1
2S9,811,494,494,1
2SE,847,1,1,1
2SO,454,1,1,1
2T0,606,1217,1217,1
2T1,1519,501,501,1
2T2,267,479,479,1
2T3,1196,482,482,1
2T4,1585,534,534,1
2T5,1374,476,476,1
2T6,498,452,452,1
2T7,1405,523,523,1
2T8,2158,541,541,1
2T9,273,511,511,1
2TI,1519,1,1,1
2U0,1539,1,1,1
2U7,2053,1,1,1
2U8,2134,2,2,1
2V0,1539,542,542,1
2V1,581,477,477,1
2V2,135,488,488,1
2V3,609,488,488,1
2V4,716,564,564,1
2V5,76,584,584,1
2V6,1906,457,457,1
2V7,2053,540,540,1
2V8,2134,459,459,1
2V9,359,459,459,1
2VO,1539,1,1,1
2W0,1520,656,656,1
2W1,2156,498,498,1
2W2,2326,512,512,1
2W3,96,553,553,1
2W4,163,516,516,1
2W5,1542,495,495,1
2W6,2371,472,472,1
2W7,1135,479,479,1
2W8,1505,561,561,1
2W9,2571,527,527,1
2WA,1505,1,1,1
2X0,1443,319,319,1
2X1,1753,509,509,1
2X2,2493,565,565,1
2X3,61,486,486,1
2X4,1298,483,483,1
2X5,576,456,456,1
2X6,508,472,472,1
2X7,2051,468,468,1
2X8,864,520,520,1
2X9,1488,483,483,1
2XS,576,1,1,1
2Y0,1179,329,329,1
2Y1,2487,449,449,1
2Y2,1611,574,574,1
2Y3,2320,436,436,1
2Y4,1458,503,503,1
2Y5,2429,480,480,1
2Y6,1948,444,444,1
2Y7,2035,498,498,1
2Y8,2564,462,462,1
2Y9,499,488,488,1
2Z0,495,376,376,1
2Z1,1703,523,523,1
2Z2,914,495,495,1
2Z3,1462,483,483,1
2Z4,419,481,481,1
2Z5,565,348,348,1
2Z6,1097,453,453,1
2Z7,1457,470,470,1
2Z8,2264,457,457,1
2Z9,283,452,452,1
2ZA,2264,1,1,1
2ZP,1703,1,1,1
325,1978,1,1,1
328,1105,1,1,1
329,811,1,1,1
343,1543,1,1,1
344,2426,1,1,1
34A,2465,1,1,1
34E,1013,1,1,1
359,1059,1,1,1
394,1903,1,1,1
3A0,2148,565,565,1
3A1,1496,533,533,1
3A2,985,501,501,1
3A3,1533,512,512,1
3A4,2465,478,478,1
3A5,1575,451,451,1
3A6,2007,458,458,1
3A7,1160,493,493,1
3A8,757,568,568,1
3A9,1540,474,474,1
3B0,1211,447,447,1
3B1,30,487,487,1
3B2,827,441,441,1
3B3,230,392,392,1
3B4,1051,407,407,1
3B5,2317,389,389,1
3B6,472,457,457,1
3B7,631,407,407,1
3B8,1713,412,412,1
3B9,1522,384,384,1
3C0,1352,449,449,1
3C1,589,416,416,1
3C2,1898,512,512,1
3C3,962,508,508,1
3C4,1850,517,517,1
3C5,448,447,447,1
3C6,1152,468,468,1
3C7,1717,434,434,1
3C8,2123,461,461,1
3C9,1506,446,446,1
3D3,2232,1,1,1
3D4,123,2,2,1
3D9,1522,2,2,1
3E0,1093,515,515,1
3E1,2225,422,422,1
3E2,1589,441,441,1
3E3,452,445,445,1
3E4,2405,445,445,1
3E5,2275,451,451,1
3E6,1056,341,341,1
3E7,1435,386,386,1
3E8,975,480,480,1
3E9,1032,439,439,1
3F0,2465,1,1,1
3F5,2275,1,1,1
3G0,1030,350,350,1
3G1,1367,420,420,1
3G2,1036,394,394,1
3G3,935,407,407,1
3G4,2003,456,456,1
3G5,1747,432,432,1
3G6,1306,410,410,1
3G7,1286,502,502,1
3G8,1986,410,410,1
3G9,143,413,413,1
3H0,2113,387,387,1
3H1,2242,449,449,1
3H2,436,389,389,1
3H3,221,443,443,1
3H4,1887,361,361,1
3H5,535,492,492,1
3H6,2484,429,429,1
3H7,2482,460,460,1
3H8,2425,400,400,1
3H9,1577,405,405,1
3HO,2113,1,1,1
3I0,722,1,1,1
3I5,934,2,2,1
3I6,113,1,1,1
3J0,901,338,338,1
3J1,159,360,360,1
3J2,737,434,434,1
3J3,1399,371,371,1
3J4,15,418,418,1
3J5,1622,379,379,1
3J6,400,407,407,1
3J7,183,376,376,1
3J8,1206,366,366,1
3J9,1059,382,382,1
3JO,901,1,1,1
3K0,2430,363,363,1
3K1,122,447,447,1
3K2,1186,412,412,1
3K3,402,380,380,1
3K4,2579,441,441,1
3K5,2378,386,386,1
3K6,2426,338,338,1
3K7,1353,396,396,1
3K8,1273,428,428,1
3K9,986,382,382,1
3KA,1273,1,1,1
3KO,2430,1,1,1
3L0,722,281,281,1
3L1,1754,444,444,1
3L2,1899,368,368,1
3L3,311,405,405,1
3L4,2143,421,421,1
3L5,934,377,377,1
3L6,113,428,428,1
3L7,441,340,340,1
3L8,77,335,335,1
3L9,1489,398,398,1
3M0,457,303,303,1
3M1,1347,419,419,1
3M2,1156,446,446,1
3M3,2358,476,476,1
3M4,1358,462,462,1
3M5,2314,528,528,1
3M6,1779,424,424,1
3M7,2210,351,351,1
3M8,872,367,367,1
3M9,1770,438,438,1
3MO,457,1,1,1
3MP,1770,1,1,1
3MS,2314,2,2,1
3N0,1712,190,190,1
3N1,2364,442,442,1
3N2,783,434,434,1
3N3,971,462,462,1
3N4,123,400,400,1
3N5,1009,361,361,1
3N6,1001,403,403,1
3N7,1292,365,365,1
3N8,1244,432,432,1
3N9,1223,377,377,1
3NA,123,1,1,1
3NG,1001,2,2,1
3NH,123,1,1,1
3NO,1712,1,1,1
3P0,2467,114,114,1
3P1,1980,367,367,1
3P2,931,348,348,1
3P3,2232,385,385,1
3P4,1903,415,415,1
3P5,242,366,366,1
3P6,910,338,338,1
3P7,1831,352,352,1
3P8,153,399,399,1
3P9,2091,390,390,1
3Q1,1306,1,1,1
3Q9,986,1,1,1
3R0,928,129,129,1
3R1,339,288,288,1
3R2,788,423,423,1
3R3,1543,415,415,1
3R4,62,374,374,1
3R5,869,390,390,1
3R6,1322,460,460,1
3R7,2367,387,387,1
3R8,356,365,365,1
3R9,335,466,466,1
3RS,869,2,2,1
3S0,245,145,145,1
3S1,2573,404,404,1
3S2,763,367,367,1
3S3,71,305,305,1
3S4,228,373,373,1
3S5,1013,390,390,1
3S6,2006,443,443,1
3S7,976,419,419,1
3S8,1105,378,378,1
3S9,956,364,364,1
3T0,2173,103,103,1
3T1,2435,299,299,1
3T2,2109,422,422,1
3T3,1782,396,396,1
3T4,1044,332,332,1
3T5,435,364,364,1
3T6,1320,446,446,1
3T7,1830,359,359,1
3T8,2196,381,381,1
3T9,1974,353,353,1
3TS,435,1,1,1
3TY,1044,1,1,1
3U3,971,1,1,1
3U4,204,1,1,1
3U6,1825,1,1,1
3U8,2108,1,1,1
3V0,83,99,99,1
3V1,1775,296,296,1
3V2,313,358,358,1
3V3,2280,312,312,1
3V4,204,309,309,1
3V5,2453,342,342,1
3V6,1825,363,363,1
3V7,771,382,382,1
3V8,2108,365,365,1
3V9,921,275,275,1
3VA,921,1,1,1
3W0,1450,64,64,1
3W1,2304,385,385,1
3W2,2299,333,333,1
3W3,2334,323,323,1
3W4,647,414,414,1
3W5,1978,322,322,1
3W6,289,350,350,1
3W7,648,392,392,1
3W8,233,357,357,1
3W9,2023,304,304,1
3WL,2304,1,1,1
3X0,174,102,102,1
3X1,1226,407,407,1
3X2,1647,353,353,1
3X3,1299,344,344,1
3X4,513,312,312,1
3X5,2351,325,325,1
3X6,2185,302,302,1
3X7,1395,323,323,1
3X8,2247,357,357,1
3X9,873,322,322,1
3Y0,1215,78,78,1
3Y1,2352,330,330,1
3Y2,1821,354,354,1
3Y3,845,346,346,1
3Y4,258,356,356,1
3Y5,2150,322,322,1
3Y6,2366,263,263,1
3Y7,36,338,338,1
3Y8,193,311,311,1
3Y9,458,279,279,1
3Z0,1958,103,103,1
3Z1,2276,420,420,1
3Z2,2574,331,331,1
3Z3,1518,275,275,1
3Z4,1751,346,346,1
3Z5,1469,336,336,1
3Z6,1231,323,323,1
3Z7,786,321,321,1
3Z8,2112,373,373,1
3Z9,794,281,281,1
3ZY,786,1,1,1
424,373,1,1,1
425,497,1,1,1
426,1133,1,1,1
427,2322,2,2,1
454,1062,1,1,1
458,2038,1,1,1
476,1133,1,1,1
478,1397,1,1,1
48A,2399,1,1,1
4A0,210,91,91,1
4A1,1389,378,378,1
4A2,507,315,315,1
4A3,2468,326,326,1
4A4,895,324,324,1
4A5,2278,350,350,1
4A6,860,323,323,1
4A7,170,345,345,1
4A8,2399,277,277,1
4A9,362,309,309,1
4AS,2278,1,1,1
4AZ,507,1,1,1
4B0,908,59,59,1
4B1,1136,339,339,1
4B2,2420,356,356,1
4B3,1119,242,242,1
4B4,1210,251,251,1
4B5,1238,334,334,1
4B6,2111,310,310,1
4B7,725,342,342,1
4B8,1812,270,270,1
4B9,669,249,249,1
4BT,87,1,1,1
4C0,1296,92,92,1
4C1,2301,267,267,1
4C2,78,285,285,1
4C3,549,341,341,1
4C4,1448,301,301,1
4C5,2550,266,266,1
4C6,1835,272,272,1
4C7,984,284,284,1
4C8,1025,274,274,1
4C9,227,283,283,1
4CS,2550,1,1,1
4CY,774,1,1,1
4D2,2420,1,1,1
4D4,1972,1,1,1
4E0,1207,78,78,1
4E1,1378,321,321,1
4E2,475,303,303,1
4E3,401,292,292,1
4E4,958,326,326,1
4E5,1600,250,250,1
4E6,90,288,288,1
4E7,1363,308,308,1
4E8,365,323,323,1
4E9,754,323,323,1
4EL,1378,1,1,1
4EZ,475,2,2,1
4F4,1062,1,1,1
4F8,1025,1,1,1
4G0,462,49,49,1
4G1,87,283,283,1
4G2,2397,264,264,1
4G3,2272,249,249,1
4G4,2211,238,238,1
4G5,2243,242,242,1
4G6,1933,269,269,1
4G7,1877,249,249,1
4G8,2044,204,204,1
4G9,1205,250,250,1
4GV,2044,1,1,1
4H0,1261,98,98,1
4H1,1501,249,249,1
4H2,66,270,270,1
4H3,2455,297,297,1
4H4,1674,296,296,1
4H5,2504,297,297,1
4H6,26,268,268,1
4H7,657,289,289,1
4H8,2458,320,320,1
4H9,1463,249,249,1
4HZ,66,1,1,1
4I2,1003,1,1,1
4I4,1408,3,3,1
4I5,1662,1,1,1
4I9,2522,2,2,1
4J0,1433,107,107,1
4J1,2335,318,318,1
4J2,1003,268,268,1
4J3,1605,288,288,1
4J4,1828,289,289,1
4J5,403,282,282,1
4J6,1048,262,262,1
4J7,979,278,278,1
4J8,1707,250,250,1
4J9,2470,277,277,1
4JS,403,1,1,1
4K0,459,104,104,1
4K1,1687,248,248,1
4K2,2382,242,242,1
4K3,1430,362,362,1
4K4,387,285,285,1
4K5,509,276,276,1
4K6,1727,260,260,1
4K7,1820,206,206,1
4K8,466,273,273,1
4K9,1349,258,258,1
4L0,399,49,49,1
4L1,2292,263,263,1
4L2,2162,299,299,1
4L3,637,292,292,1
4L4,1408,218,218,1
4L5,1662,271,271,1
4L6,2355,198,198,1
4L7,1360,237,237,1
4L8,815,246,246,1
4L9,2522,276,276,1
4LB,815,1,1,1
4M0,1295,55,55,1
4M1,551,284,284,1
4M2,1855,307,307,1
4M3,2583,238,238,1
4M4,1671,286,286,1
4M5,1863,254,254,1
4M6,2165,288,288,1
4M7,585,346,346,1
4M8,1228,247,247,1
4M9,2437,235,235,1
4N0,415,71,71,1
4N1,1554,208,208,1
4N2,1194,235,235,1
4N3,1919,275,275,1
4N4,1288,272,272,1
4N5,690,236,236,1
4N6,1377,303,303,1
4N7,1742,236,236,1
4N8,1634,220,220,1
4N9,1232,297,297,1
4O1,274,2,2,1
4O3,549,1,1,1
4O5,2243,1,1,1
4O6,1835,1,1,1
4O9,2470,1,1,1
4P0,954,72,72,1
4P1,35,291,291,1
4P2,1212,272,272,1
4P3,1453,289,289,1
4P4,1972,274,274,1
4P5,1111,276,276,1
4P6,1200,262,262,1
4P7,2473,232,232,1
4P8,2478,229,229,1
4P9,627,253,253,1
4PH,2478,1,1,1
4Q1,1851,1,1,1
4R0,2480,34,34,1
4R1,2152,297,297,1
4R2,411,249,249,1
4R3,1454,248,248,1
4R4,2034,306,306,1
4R5,1354,254,254,1
4R6,888,247,247,1
4R7,670,195,195,1
4R8,2014,288,288,1
4R9,293,290,290,1
4S0,322,114,114,1
4S1,206,233,233,1
4S2,1788,223,223,1
4S3,373,259,259,1
4S4,1062,306,306,1
4S5,5,284,284,1
4S6,1766,276,276,1
4S7,2064,257,257,1
4S8,2038,266,266,1
4S9,154,286,286,1
4T0,2212,70,70,1
4T1,841,284,284,1
4T2,1702,253,253,1
4T3,168,225,225,1
4T4,444,246,246,1
4T5,1120,209,209,1
4T6,933,242,242,1
4T7,1586,232,232,1
4T8,1397,244,244,1
4T9,851,233,233,1
4U3,1561,1,1,1
4V0,1249,52,52,1
4V1,274,319,319,1
4V2,1561,226,226,1
4V3,294,308,308,1
4V4,871,295,295,1
4V5,949,205,205,1
4V6,2551,277,277,1
4V7,1198,193,193,1
4V8,2569,210,210,1
4V9,360,266,266,1
4VO,1249,1,1,1
4W0,506,16,16,1
4W1,821,243,243,1
4W2,1789,191,191,1
4W3,2063,282,282,1
4W4,917,244,244,1
4W5,2073,262,262,1
4W6,2270,270,270,1
4W7,652,233,233,1
4W8,820,182,182,1
4W9,1185,249,249,1
4X0,1618,3,3,1
4X1,1497,230,230,1
4X2,2374,287,287,1
4X3,1146,252,252,1
4X4,239,249,249,1
4X5,3,210,210,1
4X6,541,269,269,1
4X7,957,295,295,1
4X8,2507,265,265,1
4X9,1095,288,288,1
4Y0,449,28,28,1
4Y1,1601,263,263,1
4Y2,1340,242,242,1
4Y3,194,214,214,1
4Y4,1282,213,213,1
4Y5,395,233,233,1
4Y6,1369,218,218,1
4Y7,893,200,200,1
4Y8,2061,221,221,1
4Y9,1581,245,245,1
4YE,90,1,1,1
4Z0,1755,9,9,1
4Z1,1480,203,203,1
4Z2,1654,245,245,1
4Z3,2255,227,227,1
4Z4,2085,217,217,1
4Z5,497,238,238,1
4Z6,1133,258,258,1
4Z7,2322,226,226,1
4Z8,2229,170,170,1
4Z9,418,189,189,1
514,1927,1,1,1
527,867,1,1,1
53E,2153,1,1,1
54E,2328,1,1,1
551,148,1,1,1
559,580,1,1,1
5A0,1267,5,5,1
5A1,1773,242,242,1
5A2,1550,223,223,1
5A3,1436,195,195,1
5A4,68,215,215,1
5A5,2265,193,193,1
5A6,1969,207,207,1
5A7,1327,220,220,1
5A8,616,224,224,1
5A9,2019,221,221,1
5AJ,1327,1,1,1
5B0,2498,1,1,1
5B1,1375,245,245,1
5B2,2124,182,182,1
5B3,2533,216,216,1
5B4,2217,236,236,1
5B5,2567,243,243,1
5B6,2498,198,198,1
5B7,1052,212,212,1
5B8,2101,222,222,1
5B9,1509,154,154,1
5C0,1609,20,20,1
5C1,1195,220,220,1
5C2,1615,207,207,1
5C3,1411,226,226,1
5C4,1241,238,238,1
5C5,1262,217,217,1
5C6,1873,203,203,1
5C7,1439,208,208,1
5C8,1167,216,216,1
5C9,29,168,168,1
5D9,1509,1,1,1
5E0,814,10,10,1
5E1,1568,217,217,1
5E2,1949,223,223,1
5E3,2153,216,216,1
5E4,2328,208,208,1
5E5,1896,202,202,1
5E6,968,216,216,1
5E7,988,204,204,1
5E8,2102,203,203,1
5E9,2200,185,185,1
5F2,2140,1,1,1
5F3,1784,1,1,1
5G0,543,5,5,1
5G1,1628,174,174,1
5G2,1941,188,188,1
5G3,290,189,189,1
5G4,350,144,144,1
5G5,711,190,190,1
5G6,503,195,195,1
5G7,767,205,205,1
5G8,467,191,191,1
5G9,453,229,229,1
5H0,463,9,9,1
5H1,108,229,229,1
5H2,2524,172,172,1
5H3,10,225,225,1
5H4,1632,218,218,1
5H5,2519,183,183,1
5H6,573,215,215,1
5H7,271,133,133,1
5H8,800,154,154,1
5H9,1700,192,192,1
5I3,126,1,1,1
5I6,1614,1,1,1
5J0,420,8,8,1
5J1,480,191,191,1
5J2,2460,228,228,1
5J3,619,153,153,1
5J4,2268,197,197,1
5J5,2492,240,240,1
5J6,1614,158,158,1
5J7,1827,249,249,1
5J8,2354,208,208,1
5J9,1992,213,213,1
5JN,2492,1,1,1
5K0,1224,6,6,1
5K1,1943,196,196,1
5K2,2241,202,202,1
5K3,1639,163,163,1
5K4,1758,194,194,1
5K5,1061,158,158,1
5K6,2181,216,216,1
5K7,131,190,190,1
5K8,1816,207,207,1
5K9,1040,154,154,1
5L0,173,2,2,1
5L1,315,149,149,1
5L2,2433,175,175,1
5L3,126,165,165,1
5L4,1144,236,236,1
5L5,2045,195,195,1
5L6,1504,171,171,1
5L7,611,180,180,1
5L8,95,213,213,1
5L9,707,158,158,1
5LB,95,1,1,1
5LR,611,1,1,1
5M1,2178,153,153,1
5M2,12,145,145,1
5M3,1149,174,174,1
5M4,225,158,158,1
5M5,2444,119,119,1
5M6,483,134,134,1
5M7,2249,159,159,1
5M8,2495,140,140,1
5M9,393,105,105,1
5N0,2588,4,4,1
5N1,1279,153,153,1
5N2,1606,175,175,1
5N3,1475,183,183,1
5N4,1626,161,161,1
5N5,2296,198,198,1
5N6,1281,188,188,1
5N7,2141,178,178,1
5N8,1311,181,181,1
5N9,2005,161,161,1
5O1,1061,1,1,1
5O2,1615,1,1,1
5O4,1241,1,1,1
5O9,453,1,1,1
5P0,1824,41,41,1
5P1,967,176,176,1
5P2,937,141,141,1
5P3,759,121,121,1
5P4,2388,216,216,1
5P5,269,179,179,1
5P6,1229,136,136,1
5P7,559,198,198,1
5P8,236,168,168,1
5P9,1115,177,177,1
5R0,537,6,6,1
5R1,2316,141,141,1
5R2,2135,150,150,1
5R3,1239,130,130,1
5R4,1620,142,142,1
5R5,1776,168,168,1
5R6,2166,126,126,1
5R7,2294,153,153,1
5R8,312,124,124,1
5R9,909,167,167,1
5RN,909,1,1,1
5S0,2400,3,3,1
5S1,148,126,126,1
5S2,2140,117,117,1
5S3,1784,98,98,1
5S4,791,138,138,1
5S5,2285,139,139,1
5S6,1057,167,167,1
5S7,1259,185,185,1
5S8,1109,139,139,1
5S9,580,143,143,1
5T0,1350,1,1,1
5T1,1449,178,178,1
5T2,2410,165,165,1
5T3,940,149,149,1
5T4,1148,110,110,1
5T5,24,120,120,1
5T6,1098,137,137,1
5T7,144,142,142,1
5T8,564,116,116,1
5T9,137,140,140,1
5TA,137,1,1,1
5U1,1568,1,1,1
5U2,1921,1,1,1
5V1,1650,128,128,1
5V2,1921,119,119,1
5V3,1500,156,156,1
5V4,1623,142,142,1
5V5,924,126,126,1
5V6,2132,106,106,1
5V7,2461,139,139,1
5V8,208,145,145,1
5V9,2525,112,112,1
5W1,795,138,138,1
5W2,428,120,120,1
5W3,561,119,119,1
5W4,94,109,109,1
5W5,2198,118,118,1
5W6,1537,137,137,1
5W7,389,152,152,1
5W8,2408,150,150,1
5W9,2494,148,148,1
5WL,183,1,1,1
5X0,1303,8,8,1
5X1,547,158,158,1
5X2,999,71,71,1
5X3,1692,132,132,1
5X4,2050,103,103,1
5X5,1675,111,111,1
5X6,1928,153,153,1
5X7,237,113,113,1
5X8,1905,121,121,1
5X9,119,174,174,1
5Y0,1417,2,2,1
5Y1,1981,125,125,1
5Y2,1187,141,141,1
5Y3,1680,115,115,1
5Y4,2393,170,170,1
5Y5,1995,95,95,1
5Y6,1545,106,106,1
5Y7,2535,123,123,1
5Y8,1678,101,101,1
5Y9,367,150,150,1
5Z1,674,136,136,1
5Z2,1494,82,82,1
5Z3,2277,125,125,1
5Z4,1004,167,167,1
5Z5,1584,149,149,1
5Z6,1547,118,118,1
5Z7,867,134,134,1
5Z8,2069,140,140,1
5Z9,40,145,145,1
626,1466,2,2,1
6A1,809,135,135,1
6A2,837,129,129,1
6A3,140,84,84,1
6A4,1582,101,101,1
6A5,201,143,143,1
6A6,1752,159,159,1
6A7,1283,148,148,1
6A8,2521,122,122,1
6A9,1808,128,128,1
6AZ,837,2,2,1
6B0,746,1,1,1
6B1,1269,116,116,1
6B2,1663,96,96,1
6B3,1854,119,119,1
6B4,1862,135,135,1
6B5,641,135,135,1
6B6,1128,137,137,1
6B7,1237,124,124,1
6B8,746,103,103,1
6B9,1564,213,213,1
6C1,1251,143,143,1
6C2,1104,116,116,1
6C3,1465,112,112,1
6C4,704,115,115,1
6C5,1803,98,98,1
6C6,881,130,130,1
6C7,1811,136,136,1
6C8,834,130,130,1
6C9,2036,101,101,1
6E1,662,102,102,1
6E2,2528,107,107,1
6E3,1264,112,112,1
6E4,545,109,109,1
6E5,1386,97,97,1
6E6,1012,119,119,1
6E7,1359,134,134,1
6E8,158,154,154,1
6E9,738,137,137,1
6F9,1646,1,1,1
6G1,1556,153,153,1
6G2,39,89,89,1
6G3,250,98,98,1
6G4,947,94,94,1
6G5,1599,103,103,1
6G6,1107,86,86,1
6G7,1208,90,90,1
6G8,2477,145,145,1
6G9,1383,168,168,1
6H0,964,1,1,1
6H1,358,149,149,1
6H2,1015,174,174,1
6H3,2004,195,195,1
6H4,1147,132,132,1
6H5,165,166,166,1
6H6,1088,91,91,1
6H7,526,158,158,1
6H8,1169,134,134,1
6H9,89,116,116,1
6I1,1661,1,1,1
6I6,117,1,1,1
6I8,807,1,1,1
6J1,1976,109,109,1
6J2,1090,136,136,1
6J3,2075,110,110,1
6J4,1521,127,127,1
6J5,1493,136,136,1
6J6,117,146,146,1
6J7,69,138,138,1
6J8,2115,119,119,1
6J9,248,132,132,1
6JS,1493,1,1,1
6K1,2330,104,104,1
6K2,646,103,103,1
6K3,249,99,99,1
6K4,93,129,129,1
6K5,1116,84,84,1
6K6,2256,104,104,1
6K7,2552,151,151,1
6K8,1759,127,127,1
6K9,349,102,102,1
6L1,1240,77,77,1
6L2,226,106,106,1
6L3,1669,86,86,1
6L4,473,133,133,1
6L5,1425,111,111,1
6L6,425,109,109,1
6L7,1173,99,99,1
6L8,807,102,102,1
6L9,1026,102,102,1
6M0,2491,1,1,1
6M1,724,98,98,1
6M2,502,92,92,1
6M3,2450,87,87,1
6M4,1720,80,80,1
6M5,2215,85,85,1
6M6,73,85,85,1
6M7,2074,94,94,1
6M8,1829,80,80,1
6M9,1006,121,121,1
6N0,1287,2,2,1
6N1,2438,82,82,1
6N2,1908,77,77,1
6N3,439,102,102,1
6N4,1002,84,84,1
6N5,2587,95,95,1
6N6,2262,109,109,1
6N7,1341,71,71,1
6N8,1287,122,122,1
6N9,1468,94,94,1
6NL,2438,2,2,1
6O2,1104,1,1,1
6O8,963,1,1,1
6P0,1357,1,1,1
6P1,522,85,85,1
6P2,220,57,57,1
6P3,1014,61,61,1
6P4,874,78,78,1
6P5,44,138,138,1
6P6,1904,119,119,1
6P7,1309,101,101,1
6P8,380,89,89,1
6P9,1357,116,116,1
6PL,220,1,1,1
6R1,2348,91,91,1
6R2,288,59,59,1
6R3,2318,125,125,1
6R4,43,114,114,1
6R5,181,75,75,1
6R6,281,116,116,1
6R7,744,84,84,1
6R8,1254,62,62,1
6R9,1646,90,90,1
6RL,2348,1,1,1
6RS,181,1,1,1
6S1,822,117,117,1
6S2,1145,90,90,1
6S3,16,77,77,1
6S4,828,133,133,1
6S5,1481,100,100,1
6S6,2414,133,133,1
6S7,384,58,58,1
6S8,1996,88,88,1
6S9,2138,67,67,1
6T1,127,84,84,1
6T2,2127,90,90,1
6T3,1221,94,94,1
6T4,1060,109,109,1
6T5,718,92,92,1
6T6,1177,93,93,1
6T7,1765,84,84,1
6T8,376,76,76,1
6T9,1891,50,50,1
6U9,751,1,1,1
6V1,2040,98,98,1
6V2,2239,97,97,1
6V3,1911,84,84,1
6V4,355,78,78,1
6V5,2273,75,75,1
6V6,1471,79,79,1
6V7,1807,67,67,1
6V8,1924,105,105,1
6V9,2122,82,82,1
6W1,1624,93,93,1
6W2,2172,86,86,1
6W3,1314,82,82,1
6W4,300,125,125,1
6W5,1878,113,113,1
6W6,1412,98,98,1
6W7,2391,104,104,1
6W8,361,99,99,1
6W9,2266,78,78,1
6X1,1137,90,90,1
6X2,1294,91,91,1
6X3,2417,98,98,1
6X4,2558,115,115,1
6X5,41,90,90,1
6X6,1280,86,86,1
6X7,2183,103,103,1
6X8,1691,96,96,1
6X9,948,107,107,1
6Y0,2147,1,1,1
6Y1,1661,92,92,1
6Y2,998,95,95,1
6Y3,496,67,67,1
6Y4,1882,86,86,1
6Y5,187,62,62,1
6Y6,1407,87,87,1
6Y7,340,92,92,1
6Y8,710,80,80,1
6Y9,2147,118,118,1
6Z1,60,59,59,1
6Z2,1191,65,65,1
6Z3,1112,87,87,1
6Z4,1704,88,88,1
6Z5,2451,95,95,1
6Z6,1466,78,78,1
6Z7,394,64,64,1
6Z8,1193,97,97,1
6Z9,796,61,61,1
738,189,1,1,1
782,1578,1,1,1
7A1,2515,74,74,1
7A2,74,89,89,1
7A3,440,57,57,1
7A4,2496,102,102,1
7A5,2267,65,65,1
7A6,2012,81,81,1
7A7,2463,74,74,1
7A8,213,103,103,1
7A9,1907,90,90,1
7B1,2305,60,60,1
7B2,654,77,77,1
7B3,1114,113,113,1
7B4,1086,93,93,1
7B5,760,101,101,1
7B6,2203,94,94,1
7B7,1880,69,69,1
7B8,996,68,68,1
7B9,524,66,66,1
7C1,1799,48,48,1
7C2,856,79,79,1
7C3,1020,106,106,1
7C4,861,101,101,1
7C5,298,87,87,1
7C6,310,74,74,1
7C7,218,66,66,1
7C8,1440,62,62,1
7C9,1673,72,72,1
7D1,792,1,1,1
7E1,792,77,77,1
7E2,2286,74,74,1
7E3,2324,73,73,1
7E4,775,72,72,1
7E5,2566,96,96,1
7E6,1024,95,95,1
7E7,2261,72,72,1
7E8,189,75,75,1
7E9,1633,65,65,1
7F2,1951,1,1,1
7F6,782,1,1,1
7F7,1944,1,1,1
7G0,977,1,1,1
7G1,779,69,69,1
7G2,635,69,69,1
7G3,663,90,90,1
7G4,1790,81,81,1
7G5,92,57,57,1
7G6,270,56,56,1
7G7,282,67,67,1
7G8,1642,109,109,1
7G9,1142,86,86,1
7GS,92,1,1,1
7H1,1552,84,84,1
7H2,1699,92,92,1
7H3,299,68,68,1
7H4,741,77,77,1
7H5,533,91,91,1
7H6,1797,90,90,1
7H7,1718,82,82,1
7H8,2092,60,60,1
7H9,1677,54,54,1
7HS,1677,1,1,1
7I5,2156,1,1,1
7J1,2221,54,54,1
7J2,1447,35,35,1
7J3,427,39,39,1
7J4,1409,82,82,1
7J5,832,97,97,1
7J6,257,79,79,1
7J7,2361,104,104,1
7J8,321,78,78,1
7J9,491,61,61,1
7K1,1324,74,74,1
7K2,23,57,57,1
7K3,672,67,67,1
7K4,212,81,81,1
7K5,747,61,61,1
7K6,1069,50,50,1
7K7,1944,63,63,1
7K8,1274,51,51,1
7K9,2427,55,55,1
7L0,2055,1,1,1
7L1,130,72,72,1
7L2,2375,56,56,1
7L3,1555,52,52,1
7L4,682,78,78,1
7L5,2584,61,61,1
7L6,1415,57,57,1
7L7,1621,65,65,1
7L8,331,58,58,1
7L9,2476,57,57,1
7M1,1076,74,74,1
7M2,592,65,65,1
7M3,1964,72,72,1
7M4,1250,55,55,1
7M5,1150,47,47,1
7M6,1371,73,73,1
7M7,1459,62,62,1
7M8,2591,59,59,1
7M9,1861,47,47,1
7N1,1257,129,129,1
7N2,1490,78,78,1
7N3,566,59,59,1
7N4,1364,73,73,1
7N5,104,88,88,1
7N6,1794,61,61,1
7N7,1256,77,77,1
7N8,2300,57,57,1
7N9,2238,87,87,1
7NS,104,1,1,1
7O2,2128,1,1,1
7P1,991,55,55,1
7P2,1029,75,75,1
7P3,1495,60,60,1
7P4,346,64,64,1
7P5,2402,57,57,1
7P6,371,67,67,1
7P7,891,79,79,1
7P8,848,81,81,1
7P9,1535,96,96,1
7R0,2527,1,1,1
7R1,1822,56,56,1
7R2,664,68,68,1
7R3,1761,60,60,1
7R4,953,40,40,1
7R5,344,63,63,1
7R6,2097,49,49,1
7R7,1476,56,56,1
7R8,1551,64,64,1
7R9,2383,61,61,1
7S1,836,83,83,1
7S2,1947,81,81,1
7S3,65,56,56,1
7S4,150,69,69,1
7S5,883,71,71,1
7S6,782,74,74,1
7S7,261,49,49,1
7S8,687,72,72,1
7S9,353,79,79,1
7T1,2446,62,62,1
7T2,424,70,70,1
7T3,1588,67,67,1
7T4,260,78,78,1
7T5,1874,85,85,1
7T6,2236,39,39,1
7T7,1795,69,69,1
7T8,1081,95,95,1
7T9,1573,43,43,1
7V1,1917,46,46,1
7V2,2128,32,32,1
7V3,1130,43,43,1
7V4,1437,59,59,1
7V5,1638,57,57,1
7V6,1935,88,88,1
7V7,1153,68,68,1
7V8,2220,58,58,1
7V9,2518,57,57,1
7W0,2084,1,1,1
7W1,584,73,73,1
7W2,455,53,53,1
7W3,898,54,54,1
7W4,134,52,52,1
7W5,1019,46,46,1
7W6,1106,49,49,1
7W7,685,42,42,1
7W8,406,60,60,1
7W9,554,73,73,1
7X1,2441,56,56,1
7X2,1951,55,55,1
7X3,447,78,78,1
7X4,2359,79,79,1
7X5,1743,65,65,1
7X6,2363,42,42,1
7X7,1189,52,52,1
7X8,1499,45,45,1
7X9,876,55,55,1
7Y1,743,40,40,1
7Y2,601,29,29,1
7Y3,1998,35,35,1
7Y4,1073,34,34,1
7Y5,2170,39,39,1
7Y6,729,40,40,1
7Y7,1916,54,54,1
7Y8,2442,66,66,1
7Y9,2514,44,44,1
7Z1,1416,63,63,1
7Z2,770,58,58,1
7Z3,878,34,34,1
7Z4,1515,58,58,1
7Z5,176,54,54,1
7Z6,58,43,43,1
7Z7,1351,50,50,1
7Z8,1483,45,45,1
7Z9,1745,42,42,1
848,1888,1,1,1
853,405,1,1,1
8A1,1841,42,42,1
8A2,997,38,38,1
8A3,1126,41,41,1
8A4,2269,72,72,1
8A5,203,38,38,1
8A6,1188,62,62,1
8A7,1566,61,61,1
8A8,2218,57,57,1
8A9,1756,44,44,1
8B1,817,35,35,1
8B2,329,43,43,1
8B3,1365,54,54,1
8B4,1721,54,54,1
8B5,2195,63,63,1
8B6,49,36,36,1
8B7,1785,39,39,1
8B8,2144,40,40,1
8B9,656,42,42,1
8C0,2418,1,1,1
8C1,1653,33,33,1
8C2,1902,43,43,1
8C3,801,42,42,1
8C4,1302,46,46,1
8C5,2418,40,40,1
8C6,1178,41,41,1
8C7,1455,40,40,1
8C8,136,48,48,1
8C9,2117,55,55,1
8D1,817,1,1,1
8E1,2207,40,40,1
8E2,868,42,42,1
8E3,1222,57,57,1
8E4,529,43,43,1
8E5,668,43,43,1
8E6,167,38,38,1
8E7,1072,37,37,1
8E8,2370,41,41,1
8E9,2347,38,38,1
8EP,2347,1,1,1
8F7,1072,1,1,1
8G1,224,45,45,1
8G2,1595,75,75,1
8G3,2586,58,58,1
8G4,2171,59,59,1
8G5,1725,62,62,1
8G6,2462,38,38,1
8G7,2062,51,51,1
8G8,2345,34,34,1
8G9,2563,33,33,1
8H1,1656,62,62,1
8H2,877,36,36,1
8H3,599,44,44,1
8H4,100,45,45,1
8H5,2254,48,48,1
8H6,678,26,26,1
8H7,528,39,39,1
8H8,1962,31,31,1
8H9,337,30,30,1
8I8,2362,1,1,1
8J1,2219,28,28,1
8J2,2541,30,30,1
8J3,2202,32,32,1
8J4,2448,21,21,1
8J5,1381,60,60,1
8J6,197,42,42,1
8J7,160,24,24,1
8J8,1682,33,33,1
8J9,336,34,34,1
8K0,2130,1,1,1
8K1,1129,32,32,1
8K2,1813,28,28,1
8K3,1503,21,21,1
8K4,1419,71,71,1
8K5,97,32,32,1
8K6,2511,59,59,1
8K7,2556,40,40,1
8K8,1793,36,36,1
8K9,2130,33,33,1
8L1,579,29,29,1
8L2,2274,19,19,1
8L3,2204,37,37,1
8L4,185,40,40,1
8L5,1817,41,41,1
8L6,464,24,24,1
8L7,1166,51,51,1
8L8,2362,23,23,1
8L9,1333,31,31,1
8M1,177,49,49,1
8M2,1689,41,41,1
8M3,1961,46,46,1
8M4,926,31,31,1
8M5,198,35,35,1
8M6,2306,57,57,1
8M7,408,29,29,1
8M8,1260,37,37,1
8M9,2327,28,28,1
8N1,1526,26,26,1
8N2,1338,33,33,1
8N3,205,30,30,1
8N4,2070,36,36,1
8N5,1942,48,48,1
8N6,1644,16,16,1
8N7,1038,17,17,1
8N8,723,29,29,1
8N9,603,35,35,1
8O5,2195,1,1,1
8O7,1166,1,1,1
8P1,2057,38,38,1
8P2,1652,50,50,1
8P3,234,57,57,1
8P4,2508,62,62,1
8P5,423,54,54,1
8P6,1892,42,42,1
8P7,2319,38,38,1
8P8,590,28,28,1
8P9,381,20,20,1
8Q8,723,1,1,1
8R1,2177,26,26,1
8R2,1202,38,38,1
8R3,332,22,22,1
8R4,2486,45,45,1
8R5,287,29,29,1
8R6,846,23,23,1
8R7,1983,61,61,1
8R8,2114,50,50,1
8R9,2472,51,51,1
8S1,2502,23,23,1
8S2,542,29,29,1
8S3,405,31,31,1
8S4,2016,25,25,1
8S5,254,43,43,1
8S6,272,28,28,1
8S7,2199,11,11,1
8S8,735,10,10,1
8S9,314,31,31,1
8T0,1213,1,1,1
8T1,2263,38,38,1
8T2,1517,12,12,1
8T3,2578,46,46,1
8T4,2189,36,36,1
8T5,1018,45,45,1
8T6,1265,23,23,1
8T7,1064,25,25,1
8T8,52,20,20,1
8T9,202,25,25,1
8TI,2263,1,1,1
8V1,1312,22,22,1
8V2,742,18,18,1
8V3,2029,20,20,1
8V4,2575,22,22,1
8V5,345,14,14,1
8V6,1596,34,34,1
8V7,1994,57,57,1
8V8,812,25,25,1
8V9,2066,17,17,1
8W1,1616,26,26,1
8W2,166,15,15,1
8W3,155,24,24,1
8W4,284,31,31,1
8W5,1138,18,18,1
8W6,1431,32,32,1
8W7,1826,4,4,1
8W8,430,38,38,1
8W9,324,27,27,1
8X1,2589,35,35,1
8X2,1253,29,29,1
8X3,2052,10,10,1
8X4,407,19,19,1
8X5,1968,17,17,1
8X6,1791,23,23,1
8X7,1190,16,16,1
8X8,1865,26,26,1
8X9,823,25,25,1
8Y1,2447,8,8,1
8Y2,2205,22,22,1
8Y3,1376,19,19,1
8Y4,63,34,34,1
8Y5,375,32,32,1
8Y6,330,24,24,1
8Y7,527,9,9,1
8Y8,1888,8,8,1
8Y9,2422,21,21,1
8Z1,2039,9,9,1
8Z2,992,26,26,1
8Z3,1937,26,26,1
8Z4,1216,13,13,1
8Z5,673,38,38,1
8Z6,899,9,9,1
8Z7,489,10,10,1
8Z8,1559,16,16,1
8Z9,882,6,6,1
92E,556,1,1,1
948,268,1,1,1
9A1,333,11,11,1
9A2,451,7,7,1
9A3,354,20,20,1
9A4,101,18,18,1
9A5,223,11,11,1
9A6,195,11,11,1
9A7,2432,13,13,1
9A8,268,11,11,1
9A9,1792,28,28,1
9B1,2231,13,13,1
9B2,110,13,13,1
9B3,1266,16,16,1
9B4,624,21,21,1
9B5,516,18,18,1
9B6,1879,14,14,1
9B7,1139,3,3,1
9B8,1804,19,19,1
9B9,2530,11,11,1
9C1,392,10,10,1
9C2,900,13,13,1
9C3,1355,14,14,1
9C4,1938,22,22,1
9C5,1763,23,23,1
9C6,266,18,18,1
9C7,2488,6,6,1
9C8,621,20,20,1
9C9,2526,17,17,1
9CH,1938,1,1,1
9E1,1939,7,7,1
9E2,556,24,24,1
9E3,692,10,10,1
9E4,2369,9,9,1
9E5,142,16,16,1
9E6,1966,13,13,1
9E7,1940,15,15,1
9E8,993,8,8,1
9E9,2298,20,20,1
9G1,2098,18,18,1
9G2,1000,15,15,1
9G3,950,8,8,1
9G4,351,15,15,1
9G5,1511,16,16,1
9G6,2093,7,7,1
9G7,2554,5,5,1
9G8,1456,24,24,1
9G9,488,9,9,1
9H1,785,24,24,1
9H2,571,13,13,1
9H3,2372,17,17,1
9H4,468,15,15,1
9H5,2416,18,18,1
9H6,1486,18,18,1
9H7,334,6,6,1
9H8,726,24,24,1
9H9,1523,16,16,1
9J1,2021,12,12,1
9J2,1155,16,16,1
9J3,978,14,14,1
9J4,1592,19,19,1
9J5,1213,5,5,1
9J6,850,16,16,1
9J7,1651,8,8,1
9J8,98,7,7,1
9J9,1331,13,13,1
9K1,106,22,22,1
9K2,1697,10,10,1
9K3,653,23,23,1
9K4,1278,24,24,1
9K5,1379,22,22,1
9K6,421,17,17,1
9K7,731,21,21,1
9K8,1037,17,17,1
9K9,1731,13,13,1
9L1,1536,14,14,1
9L2,1915,14,14,1
9L3,1738,23,23,1
9L4,2139,13,13,1
9L5,1844,6,6,1
9L6,2230,29,29,1
9L7,539,10,10,1
9L8,1920,9,9,1
9L9,1402,8,8,1
9M1,1672,16,16,1
9M2,586,7,7,1
9M3,2024,12,12,1
9M4,2168,9,9,1
9M5,1529,15,15,1
9M6,2531,14,14,1
9M7,2284,25,25,1
9M8,1423,13,13,1
9M9,1101,16,16,1
9N1,2067,15,15,1
9N2,404,23,23,1
9N3,2058,9,9,1
9N4,715,19,19,1
9N5,866,19,19,1
9N6,1839,9,9,1
9N7,262,16,16,1
9N8,2544,14,14,1
9N9,748,15,15,1
9O1,2098,1,1,1
9O7,2554,1,1,1
9P1,397,9,9,1
9P2,2030,17,17,1
9P3,214,7,7,1
9P4,1637,9,9,1
9P5,326,8,8,1
9P6,9,16,16,1
9P7,2392,8,8,1
9P8,2381,5,5,1
9P9,2302,18,18,1
9R1,277,15,15,1
9R2,1967,16,16,1
9R3,1514,12,12,1
9R4,297,9,9,1
9R5,1127,11,11,1
9R6,116,19,19,1
9R7,511,22,22,1
9R8,659,12,12,1
9R9,2434,25,25,1
9S1,2077,5,5,1
9S2,700,17,17,1
9S3,835,3,3,1
9S4,1428,15,15,1
9S5,146,17,17,1
9S6,610,18,18,1
9S7,1432,7,7,1
9S8,67,9,9,1
9S9,377,21,21,1
9T1,133,19,19,1
9T2,215,5,5,1
9T3,1688,13,13,1
9T4,2155,6,6,1
9T5,414,2,2,1
9T6,1242,14,14,1
9T7,265,10,10,1
9T8,386,4,4,1
9T9,2321,8,8,1
9V1,1643,3,3,1
9V2,1694,22,22,1
9V3,594,15,15,1
9V4,777,5,5,1
9V5,1096,20,20,1
9V6,295,7,7,1
9V7,717,2,2,1
9V8,1410,10,10,1
9V9,1424,2,2,1
9VJ,1096,1,1,1
9W1,1441,9,9,1
9W2,445,5,5,1
9W3,1681,10,10,1
9W4,813,12,12,1
9W5,33,7,7,1
9W6,605,2,2,1
9W7,1404,7,7,1
9W8,132,13,13,1
9W9,1110,10,10,1
9X2,2248,4,4,1
9X3,633,4,4,1
9X4,222,21,21,1
9X5,1570,21,21,1
9X6,2289,9,9,1
9X7,2078,2,2,1
9X8,138,10,10,1
9Y1,944,3,3,1
9Y2,1482,3,3,1
9Y3,1491,6,6,1
9Y4,2149,4,4,1
9Y5,1711,8,8,1
9Y6,1382,11,11,1
9Y7,1636,11,11,1
9Y8,1461,18,18,1
9Y9,2597,16,16,1
9Z1,1337,5,5,1
9Z2,1741,13,13,1
9Z3,517,5,5,1
9Z4,286,5,5,1
9Z5,309,5,5,1
9Z6,622,9,9,1
9Z7,2131,8,8,1
9Z8,2557,8,8,1
9Z9,739,1,1,1
A14,276,1,1,1
AV5,949,1,1,1
AVO,1952,1,1,1
B48,833,1,1,1
C3V,2108,1,1,1
E02,925,1,1,1
E30,1093,1,1,1
EE7,1549,1,1,1
EV4,204,1,1,1
GB4,2036,1,1,1
H3B,230,1,1,1
H8H,1962,1,1,1
HA1,1389,1,1,1
HW4,917,1,1,1
I25,338,1,1,1
I2I,1840,2,2,1
IG8,1701,1,1,1
IK4,1301,1,1,1
IL0,2055,1,1,1
IMO,643,1,1,1
IV3,1819,1,1,1
JE3,2153,1,1,1
L2L,623,1,1,1
M17,328,1,1,1
M1M,128,1,1,1
O4A,2457,1,1,1
O8C,2041,1,1,1
OA1,431,1,1,1
OA2,2257,1,1,1
OA3,2190,1,1,1
OA6,1668,2,2,1
OA7,2423,1,1,1
OA8,1122,1,1,1
OAO,2421,1,1,1
OB2,1610,1,1,1
OC8,2041,1,1,1
OE1,1245,1,1,1
OE4,1406,1,1,1
OE5,1103,1,1,1
OG5,1960,1,1,1
OG7,1054,1,1,1
OH2,1414,1,1,1
OH5,2545,2,2,1
OJ4,1993,1,1,1
OK1,125,2,2,1
OL2,1089,1,1,1
OL3,766,1,1,1
OL4,1325,1,1,1
ON3,82,1,1,1
ON8,1328,1,1,1
OP0,1321,1,1,1
OP5,1008,1,1,1
OP6,2290,1,1,1
OR2,555,1,1,1
OR3,264,1,1,1
OR8,567,1,1,1
OT1,1403,1,1,1
OT5,44,1,1,1
OW2,1370,1,1,1
OX7,2357,1,1,1
OY3,1567,1,1,1
OY8,629,1,1,1
OZ1,857,1,1,1
RB2,2420,1,1,1
RM9,11,1,1,1
SC9,29,1,1,1
SP6,1229,1,1,1
ST3,940,1,1,1
TR3,1761,1,1,1
TX1,955,1,1,1
YA9,362,1,1,1
YW1,821,1,1,1
ZE1,1869,1,1,1
